Label,Tweet
Negatif,aşık olsana oğlum delendirme beni
Negatif,silivri biraz ısınmıştır gerçi
Negatif,hadi biraz yalan söyleyin inanalım
Negatif,güleceğiz mi demek istedin yoksa güler mi anlayamadım
Negatif,seni hemde anen güzel götünu sikiyim cnm
Negatif,işine geldimi yapancı kaynaklara bakın gelmedimi onlar gavur yalan yazar ii salıyon zurnanın son deli ahmey
Negatif,hekimevi incelme yalnız başına çevrilgen
Negatif,deeriko kaşlar kara deriko gözler ela
Pozitif,i nsani lüzumlu yapan parasi deği l karakteri şi li ği di r
Pozitif,büşram otur yerine dedim sana büşram
Pozitif,ağırlığını koyan bir batman lazım
Pozitif,yangınsan yanalım sıkıntı değil
Pozitif,tiş görünüş önemli deyil güzelik geçicidir önemli olan insanın iç güzelliği sevilmesi karteşim benim
Negatif,seni hemde anen güzel götünu sikiyim cnm
Negatif,işine geldimi yapancı kaynaklara bakın gelmedimi onlar gavur yalan yazar ii salıyon zurnanın son deli ahmey
Negatif,prof dr kar şule çet davasında önemli delil kayıp üniversite öğrencisi şule çet in 23 28 mayıs 2018 ankara cinsel saldırıya uğrayıp plazanın 20 katından atıldığı iddia ediliyor çet in ölümüne ilişkin delil olabilecek yeni bulguları gün yüzüne çıkartan mers
Negatif,senin yansın seni yaksın
Negatif,12 hiti duruşu dışında maalesef değil
Negatif,askerde bardağa kepçeyle çay koyuyolar çayın demiyle suyu karışık ayarlama yok
Negatif,yarın çalışıyorum pazarteside çalışıyorum canım burnumda dedikleri havadayım yorgunum çokk
Negatif,anlamı sömürülecek bir gezegenimiz oldu
Negatif,souza şimdiye kadar fenerbahçe izlediğim kötü şut çeken orta saha josico falan dahil
Pozitif,dünyanın mutlu insanı olurdum
Pozitif,ben sana soracağım sana mesaj atamıyorum
Pozitif,dün maçta çıldırdık sesimiz kısıldı bugün keyfini sürüyoruz maç kadar güzel güzel biliyo musun öyle biçim güzel
Pozitif,kadro sayımız mezun sayımız artmalı azalmamalı tapu kadastro genel müdürlüğü yerel yönetimler genel müdürlüğü milli emlak genel müdürlüğü 20bini aşkın mezun kadro bekliyor
Pozitif,furkan girdi oyunun içine ersan girerse oyuna öne geçeriz
Pozitif,kadar sarıklı rize üfleseler
Pozitif,seni seviyorum bak deprem oldu sallandık yine seviyorum
Negatif,denkleştirdim yaz gelene kadar evden çıkmazsam üşümem
Negatif,köyün su depolarına arefe gecesi geçici olarak bir miktar su aktarılmış olup yetersiz kalmıştır devletimizin sorunu kısa sürede çözeceğinden kuşkusuz şüphemiz yoktur fakat susuzluk köylüyü hat safhada oerişan etmiştir gereğini arz ederim
Negatif,şubattasağlığa 60binatama artık yorulduk soran herkese atama bekliyoruz demekten yorulduk
Negatif,beni kıskançlık değil kıskandığımı gösteremeyip içime atmalar mahvetti
Pozitif,dmden doğum tarihinizi yerinizi zamanınızı isminizi yollayın doğum haritanızı okuyup kendimce özet çıkarıp paylaşayım hadi bakalım
Pozitif,dün gece yorumlarının kısa özeti yönetimdir futbolcudur geçer gider fati h teri m le kalırız
Pozitif,hayatım tamam işte ben onu diyorum zaten konuşarak anlaşamıyoruz evet azcık koklaşmayı deneyelim
Pozitif,tecavüzcü müebbet işkenceci caydırıcı sürede hapis cezası almalı dünyanın sahibi sensin benim herkes haddini bilsin artık
Pozitif,canım ablam benim mübarek kadir gecenizi i çten dileklerimle kutlar ellerinden öperim allahu tealadan sana ailene sevdiklerinize esenlikler dilerim bin aydan hayırlı olan mübarek gece dualarımda olacaksın
Negatif,ağlama kurban olduğum olur ağlama
Negatif,yarım saattir izliyorum adam yaptı sarı gördü öncesinde uyarı falanda almadı ananızı sikeyim sizin ben orospu çocukları
Negatif,gün söylenen senin iddian olsaydı ortalığı ayağa kaldırırdık bir derken kurum kapatmak ısrarı üzerine kurumda bir görülmüş anlamında söylenmiş bir söz idi milli eğitimde çalışan malesef sözde öğretmenlerin yaptığı ahlaksızlık içinde okullar kapansın
Negatif,arjantin i tümüyle yok edelim bunlar sorun
Negatif,evet olmayınca sıkıcı oluyor
Negatif,halde olup mutlu olan insana rastlamadım
Negatif,ben bişi yapmadım sefer günün annesi yapmış speak no evil_monkey see no evil_monkey
Negatif,yarın cumartesi müsaitim deli sex istiyorum 190 90 full aktifim musait olan yazsin
Negatif,başlıyacam şimdi hazırlık dostluk maçına çıkın gelin nedir abi lig başlamadan sakatlayacaklar
Negatif,kimseye bir şeyi anlatmaya çabalamıyorum kimseyi kaybetmemek kazanmak uğraşmıyorum zaten herkes anlamak istediğini anlıyor bir şeyin olacağı varsa su akıp bir şekilde yolunu buluyor
Negatif,öyle bişey mi dedim ben sana ben sana diyorum euronun 6 tl olduğu sevdiğim ülkemde yaşamaya çalışıyorum sen anlıyorsun sizin orda algılara bişey mi iciriyorlar
Negatif,hayatta bana istediğini yap beni uyandırma
Negatif,orası boş olduğu gece orda uyuycam aq
Negatif,gözlerini kapa derin derin nefes al onu düşünmemeye çalış
Negatif,galatasaray maçında penaltı verilmedi fener maçında şenol güneş bordo mavi giyiniyor yüzden şampiyon olamıyos bırak işleride bi git artık yaw
Negatif,takip eder misiniz gt yapıyoruz Turkey
Negatif,swarm kullananlardan hoşlanmıyorum sebebi bilmiyorum
Negatif,dünyadaki eşitsizliğin adaletsizliğin savaşların vahşice yapılan katliamların sorumluları bir tanesini örnek gösterebilir misiniz dünyadaki kapitalist sistemin acımasızlığına karşı çıkan insan haklarını özgürlükleri savunan birini bunlara prens hazretleri yakışır
Negatif,günaydın diyemem halen uyuyorum
Negatif,kandırılmaya alışmış onca insanları toplayın uzundan kısaya doğru sol baş sabit dirsek temas aralığı hizaya girsinler hepsini teptik edeceğim
Pozitif,mutsuzluğunun farkında olmayan kendini mutlu sanan insanları gördükçe ürperiyorum fernando pessoa
Pozitif,dün bölümlere sahnelere tekrardan bir göz attım bir kenara gerçekten güzel bir dizimiz var hileon desem kalacak onların mükemmel aşkı hikayesi özleyeceğim
Pozitif,canımm tel geldi üst üste özledimm senii çokk hediyemucizem
Pozitif,uyumak istemiyorum yine rüyamda seni göremiycem
Pozitif,doğru söylüyor bok yemişiz tepki vermeyin eksiklerimizi giderin
Pozitif,eyt halkı seçime kadar hakkını alsa almasa iktidara oy vermez artık
Pozitif,futbol artık alt yapılarda kluplerle abileri amcaları büyükleri bağlantılı olan insanların yuvası olduğu milli takımda paraları olanlar var sistemle başarı beklemeniz zor yetenek olmayan insana kadar antrenman yüklesende sonuç böyle oluyor
Pozitif,artik umurumda olmaz bana demiş dememiş tur kafadaysam kafada bir icerim tertemiz kendime gelirim allah belasını versin beni raddeye getirenlerin tertemizdim tertemiz
Pozitif,kankini yalnız bırakma koş peşinden çabuk otobüs kalkacak
Pozitif,ayy allah korusun galiba gizliden aşık oldum
Pozitif,emin ol hala il ilçe belde bölgede rahat rahat kalırsın kardeşim milli görüş böyle bir
Negatif,hadi bir soruda ben sorayım eşinizle aynı yerde çalışmak ister misiniz iyi düşünün sevgili yada flört değil eşiniz
Negatif,ahmet efendi peki alçakların sebep olduğu infazları yapacaz var mantıklı bir cevabınız yüzlerce insanın işkence edilmesine yarı insan olmasına sebep olmuş hadi kemkum etmeden cevap ver
Negatif,saçlara istediğini sür işe yaramaz
Negatif,gereksiz şeylere takılıyorsunuz amaç üzüm yemek değil bağcıyı dövmek
Negatif,onun bunun fotoğraflarını takip ediyorum
Negatif,merhaba arkadaşlar hoş geldin iz
Negatif,bi li yorum nolur devam et wğclwoxn
Negatif,kadar rahat bıraktın konuşsun istediği
Negatif,günaydın diyemem halen uyuyorum
Negatif,i nsanların büyük bölümü sağlıksız abartılı bir altrüizm yolunda hayatlarını ziyan etmekteler hatta ziyan etmeye zorlanmaktalar
Negatif,yüce rabbim kullarına sağdan gidiniz skilli mi ekleseydin benimki sadece fikir yine sen bilirsin tabi
Negatif,kaybolan çocuklar rize valisi 4 5 yaşında olan çocuklar ormanlık alanda sağ olarak bulundular sağlık durumları iyi şükür
Negatif,uyanamadım yine günaydın
Negatif,bir istemiyorum hayatta bir sevgili mesela çalışabilir durumda bir beyini olsun kendini vazgeçilmez görmesin yeter
Negatif,gönlünüzden hoşgörü yüzünüzden tebessüm eksik olmasın kadir gecemiz mübarek olsun
Negatif,altay vedat ferdi üç puanı size borçluyuz teşekkürler çocuklar
Negatif,sevgilinin lütfunu gördüğünüz zaman sevmek kolaydır peki kahrını görünce sevebilir misiniz
Negatif,toplu sözleşme birilerinin kayırılması değil herkese sağlanan bir imkan
Negatif,i skendere alternatif olarak pideli köfte yemeyi tercih ederim kayhanda yeşilde yiyeceksin özellikle cuma günleri gideceksin bedava sınırsız süt helvası ikram ediyorlar harika
Negatif,ü ürken gören arkada n zaten rus hayran putinin i te parma var oyuna gelmeyelim
Pozitif,eveetty yeni daslarımız geldi hayırlı olun
Pozitif,chp i stiklal marşı okunurken milli takımı dünya kupası finaline çıkmış heyecanlandım
Pozitif,eyvallah mübarek emo_pos selam olsun vatanı lideri gecesini gününe katıp mücadele eden 15 temmuz ruhlu milli cesur yüreklere
Pozitif,beşiktaşta çita yükseldi demba ba gomez abubakar dan sonra gelen forvetin onlar kadar performans göstermesi lazım durum uzun bir süre gelen forvetin üzerinde ciddi baskı yaratacaktır
Negatif,ölürüm demek isterim lakin öldükten sonrası tehlike anne evladını bırakırken sen beni tekme tokat döversin cennete girmek yüzden birbirimizi kandırmayalım lütfen
Negatif,kanka kocaman karga sahipsiz evcil değil geldi durduk yere kafama kondu kayra kadar vardı boyutu
Negatif,sanatçımız varmış arkadaş galiba 15 temmuz gecesi yurt dışında falandı türkiyede olmadıkları vatanlarını savunmak çıkmadılar dışarı gezide çıktıkları
Negatif,bir krem gözlerim yanıyor
Negatif,beelki biraz ani oldu takk etti canıma
Pozitif,özetlemişsiniz kadar kelime şeyi helal olsun boşuna gitmese doğruya doğru
Negatif,kadar çook seviyorum nedeen
Negatif,çaya siyanür katmışlar kininizi son hafta oynayacağız trabzona saklayın üzeriz sizi
Negatif,ben senin geniş zamanların olsaydım keşke sabahların iş çıkışların yol yorgunluğun eve dönüşlerin mesela hiçbişeyin olamadım tūm sitemlerim ondan
Negatif,asıl sivri sinek öldürme seans ları kapansın kış geldi
Negatif,bazen hızlı koşan yavaş koşan geç varır hedefe
Negatif,ak tröller densiniz kadar provakatif bir varsa üstleniyorsunuz tak varken si z msi ni z
Negatif,veda değil sana dönemiyor yüreğim
Negatif,evcilleştirmek lazım zaman seni
Negatif,birisi eşinizin kızınızın resmini gizli gizli çekse buna razı gösterecekmisiniz bey
Negatif,i yi şeyler birden bire olur kadar bekletmez insanı
Negatif,olursa olsun türki ye cumhuri yeti ni n bir kürt vatandaşı olmama rağmen 22 senedir chp Turkey inadına atam sene gönlümüzü fetheden mükemmel adam sayın ince
Negatif,i lk kadın hükümdar tomris hatundur
Negatif,düşmemem gereken bir beye düşmek üzereyim
Negatif,adam yarışta lastiklerde sıkıntı var şampiyon oluyo sene pardon adam demişim
Negatif,bütün çocukları öldürsenizde elbet bir musa sağ kalacak
Negatif,seni bi ara cok seviyordum şimdi degişti sen
Negatif,selim in planı bilmesi yeterince saçma değilmiş bir planı yöneti yor horzum son bölümlerde öyle çıkmaza girmiş planlamadığı şeyler yapıyor yüzden yaptığı şeylerde bir kopukluk var mantık hatası var selim in sena böyle bir yapması imkansız
Negatif,bır ayakkabı alamıyoruz bır ayakkabı 500 lıra dıyıyor cocuk mubarek gunde yalan ıftıra bı koltuk ıcın yazıklar olsun sıze fetonun cocukları
Negatif,i nsanlar zulmeder kader adalet a hamidi yalnız bırakanlar bedelini ödedi reisede vefasızlık yapanlar misli öder olanlar olacakların tanığıdır
Negatif,aynen abi tek gayemiz fenerbahçe şahsi olarak değişim istiyorum ali koçu barcelona başkani önünü ilikleyip karşılıyorsa benim başkanım olmalı diyorum sanada saygılıyım hic polemige girip cevap vermem seviliyorsun
Negatif,çoğalır yoksa olduğu yerde kalır akılcılık olmaz akılsızlık varlığını sürdürmeye mi devam eder
Negatif,kendi derdim bana yetmiyormuşcasına gece gece la casa papelde moskovanın öldüğü bölümü izledim gözyaşlarım ekranı görmemi engelliyor an
Negatif,yarin cikip ysk bin detse sasirmam zira son merci diyorlar gunah kecisi ysk olacak
Negatif,jhope sen bi tarafa gelsene bişey söylicem
Negatif,avarelik yapıp ders çalışmasanız okulunuzu bitirmezseniz amele olursunuz derslerinizi çalışıp üniversitenizi bitirirseniz kesin amele olursunuz
Negatif,ortalığın amına koymalık bir gün waving_hand_medium light_skin_tone
Negatif,i nsanlar hediyelerini koyucak boyutta hediye paketi bulamıyorlar dertlere bakar mısınız
Negatif,biraz namuslu görünmek bastırdığınız cinsel dürtülerinizi zorla kaba kuvvet kullanarak gidermekten vazgeçemeyecek gibisiniz
Negatif,kaldırıyorum be tamam uff cjsmndmfmgg
Negatif,şeref ekmek bulamazken şerefsiz bulur
Negatif,kralsın dede bayram namazından sonra ilk beni arıyorsun bayramda memlekette olamayışıma yanayım dedemin beni arayışına
Negatif,valla kötü be kardeş saatte balyoz sallıyorum 2 saat kaldı mesainin bitmesine ben bittim iş bitmedi
Negatif,yaptığınız hatayla değil yaptıktan sonraki duruşunuzla soğutuyosunuz insanları kendinizden
Negatif,erzurum a evinde 20 dan 22 yaptırıyon değil ersun yanal guardiola gelse ifla olmaz bunlar
Negatif,i kinci şansları sikeyim insanlar asla değişmez thomas shelby
Negatif,canımı yakan bir kaç detay var ben halledemiyodum
Negatif,i nsanlar sizi eskisi kullanamadıklarında değiştinizi söylerler
Negatif,birader sen bana itici gelmiştin sen baya baya üniversitede kürtçü komünist gerzekleri tokatlayan kralmışsın lavukların benzerleri üniversitede hasan şimşek fırat çakıroğlu nu katletti söylediğine göre zaten birisi dağa çıkmış rahat ol sevildin
Negatif,sen aşk yazılıp eş okunansın dünya bize yetmez dediğim cennet ortağımsın
Negatif,akıp giden zamanı izliyoruz yaşamak varken
Negatif,devam devam devam sonuna kadar ölümüne devam
Negatif,aşırı bi regl sancısıyla sınava giriyorum bismillah
Negatif,bir başkasının aklını yüregini kolayca okuyamazsın yüzden onu yargılarken acele etme
Negatif,kökenleriyle alakalı değil bence afrikada açık giyinilir cinsel kimlikten ziyade doğal bir çıplaklık varıdır oysa bunda teşhir var tamamen abd popülizm kültürü
Negatif,haklısın ersuncaner uyumu zevkten 4 köşe ediyor umarım devre arası getirilebilir
Negatif,muhalefetin yalanları rte nin gerçekleri sarpışıyor rte ye kadar saldırı olması
Negatif,göremi yorum oruspu çocuğu kelebeği göremi yorum bi n kere denedi m kafayi yi cem
Negatif,amerikayı vergiye baglayan tek devlet osmanlı i mparatorlugu dur
Negatif,i stanbul a döneyim hemen spora devam edeceğim negatiflikleri üzerimden atıp hayata yeniden başlayacağım söz kendime
Negatif,fırat aydınus denen futbol katili babelin penaltısını verseydi 90 7 verseydi aykut un dediği maç 32 biterdi diğer eyyamcı mete kalkavan kadıköy deki maçta yine babelin golünü verseydi kimin hakettiği ortaya çıkardı kupa size zehir zıkkım olur inşallah
Negatif,yarım saat önce kutsal aya giriş yaptık kutlu olsun
Negatif,uyku düzenim bozuldu gerek yoktu böyle ekşınlara
Negatif,dilek hanım anneniz sevgilinizi istemiyor olma ihtimali işimi yok
Negatif,tövbee neyse sormadim ben soru
Negatif,tamam aq anladık ayda bir aynı tiviti atmanıza gerek yok
Negatif,yazık bize gencecik yaşımızda hasta ettiler hepimizi
Negatif,sana seni seviyorum diyemem çünki sende gidersen maga bee
Negatif,babacan durumda ak partinin devamı niteliğinde olursa yine sıkıntı bence ilerisi ayrıca imamoğlu benim gönlümdeki
Negatif,sadece tayyip bey yapıyorsa zaten gereksiz olduğunuzu kendi ağzınızla beyan etmişsiniz
Negatif,bronzlaşmak çabalayan insanları anlamıyorum bronzlaştım sokağa bile çıkmak istemiyorum derece dont like
Negatif,aynen adaşım hayatta paraya bakıyor maalesef
Negatif,kızı kendi canından seviyormuş
Negatif,tesettür örtmek demektir bol giyinmek demektir edepli hayâlı iffetli olmak demektir alıntı
Negatif,gün dişini sıkıp ta enaz 1 5 saatini mutfakta yemek yapmakla geçirecek olay tamamen usengeclikle alakali hazırı varken kimse zahmete girismiyor hersey bir yana encok fast foodla beslenen küçüklere üzülüyorum çoğu obez adayi şimdiden
Negatif,seni benden fazla seven birini bulamazsın bulursan onun anasını avradını
Negatif,mutsuz değilim halim kalmamış
Negatif,bugün cumartesi ben sizi özledim
Negatif,keşke kürt böyle medeni kültürlü olsa heryerde ortamda türkler i çi nde geçerli
Negatif,sağlık çalışanını korumak bir devletin görevidir
Negatif,sevgilisi arkadaşlarıyla arasını bozan serefsizdir
Negatif,ben hiçbir şeyi unutmam ben bana yapılanı affetmem seni defalarca hatta defasında
Negatif,takibi bırak memleketi yönetecek
Negatif,diyecek bulamıyorum allah sonumuzu hayır etsin hayırlısı neyse öyle olsun
Negatif,dolara gücü yetmeyenler muharrem i nce ye projesi demez mi gül gül gül
Negatif,bana kafasında sarı şapka bir olan taeyi atar mısınız gün konserde hali
Negatif,bilirdi aşkının bedeli geceliği 300 olduğundan
Negatif,hırsız fiko 2 sene hareket bekleme operasyon çocuğu işini yaptı çekildi
Negatif,saat 4 5 te banka kapanıyor krediyi alıp ankadan istanbula geçicem sabahına araba satışı yapıcaz bunlara kalsak yatmıştı allahtan başka bankadan 10 dakikda hallettik işimizi büyük pişmanlık i
Negatif,bence olay değil dalga dalga büyüyen hdpkk lılara karşı evlatlarımızı verin diyen anaların isyanını gelen bir emirle bastırma gündem değiştirme algısıdır korkunuz olacak millet hdpkk yı silecek Turkey Turkey
Negatif,dalgasına fnansal klelerle ilgili tweet atmıştım 30 dk içinde 20 kişi 5 senelik okul ücretimi karşılayacak şeyler yazmışlardı gram şaşırmadım cidden
Negatif,hava yağmurlu bütün maçlar iptall
Negatif,bence bizdeki tek sorun takım oyununu oynayamamak onu hallettigimizde gerçekten iyi takım olacagiz
Negatif,selçuk artık penaltı atamaz kaçıracağına emindim 2 metre fazla uzağa top atamaz
Negatif,aşırı doğru amcama benziyor
Negatif,edelim senin edelim
Negatif,gazete ilanı verecek paramız yoktu bizde twitterda etkinlik yapalım dedik 2019 kpss öncesi 300 guy ilanı talep ediyoruz
Negatif,destekçileri yetkileri arttırılmış cb nın mısır ın i stikrarı ekonomik gelişimi i çin elzem olduğunu söylüyorlar bunun olmaması durumunda müslüman kardeşler in geri gelebileceği tehdidinde bulunuyorlar tam böyle işte demokrasilerine sahip çıkamayan ülkede olan
Pozitif,güldüğüm zaman geliyosun aklıma birden benim gülmediğini fark ediyorum işte hüzün şeyi anlatıyor
Pozitif,tebrik ediyorum sizi ali bey keşke herkes memleketinin takımını tutsa
Negatif,birde erdoğan bunu takıyor sorsan ismini bile bilmezdir
Negatif,bakıyorumda satanlar listesinde yine dost bildiklerimiz var
Negatif,ahmet çakar değil fake mk hesap ulen vedo
Negatif,sn bakanım sizin resmiyazi dediginiz nedir merak ediyorum kurum yöneticileri yazıların hükmü yok bizim çalışma talebimizi reddediyor
Pozitif,başta olmak üzere silah arkadaşları vatan uğruna fedakarlık yapan kahramanları minnetle yad ediyoruz
Pozitif,minik serçe sen misin
Negatif,big hit param yok aq param yok arkadan çalacağim sana şi mdi whiparam param param di ye yeter artik
Negatif,anayasa mahkemesi kapatılıp i stiklal mahkemeleri açılıp teröristler katiller sapıklar önce gebertilip sonra mahkeme ilamları cesetlerine iğnelensin
Pozitif,kalbim gümbür gümbür türkiyeye geleceğinizi açıkladınız bir fotoğrafla hale geldim
Pozitif,yaz bitmiş sayılmaz henüz yanına çömelmiş sevgi hakkında söyleşiyorum bodrum limon dolu sevgili
Pozitif,belli kitlelere hitap edenler konuştuklarına dikkat etmesi gerekir toplum huzuru ahlakı bişey var
Pozitif,bugün bursaspor trabzonspor maçında nijerya milli takımı nwakaemeyi izleyecekmiş milli takımda oynamayı deliler arzulayan nwakaemeden bahsediyoruz kral bugün 2 gol 1 asist yapar rahat olun maç bizde
Pozitif,acımasız olma şimdi kadar
Negatif,3 saat kaldı uyuyamıyorum feels geçirirken ölmem inşallah
Negatif,oda arkadaşım ailesiyle kürtçe konuşuyor umarım bana sövmüyordur
Negatif,yine istediğini bilmez vaziyetler içerisindeyim birisi çekip kurtarsın durumdan
Negatif,zaten pek fazla ihtimal kalmadı
Negatif,bunları anında itlaf etmek lazım asla eğitilmezler
Negatif,gokhan bey bizdeki normal vatandaşın işi başından aşkın fabrikada yada bağda bahçede zamanı bol olan 5 kene asalak seçkin elit takımı var bunu gören onlarda zaten bunu istiyorlar sesleri çıksın
Negatif,yaramaz çocuk gibiler gözünü ayırma ayarı yok la bunların
Negatif,kumbahçe mahallesi sakallı sokak şebeke hattı patlamış su boşa akıyor ayrıca sokak pis ilgisiz yeni yönetime duyurulur
Pozitif,kalbim gümgüm atıyor sana bir mi oldu kafayı yiyorum
Negatif,kadar olumlu düşünmek istesem olumsuz olan çıkıyor
Pozitif,yolun ucunun varacağını düşünmek beyhude bir çabadan ibarettir sen sadece atacağın ilk adımı düşünmekle yükümlüsün gerisi zaten kendiliğinden gelir
Negatif,sayın bakanım gida tarim hayvancilik bakanliginin 10 00 personel talebini hala onaylamamak yerli üreti me büyük bi r i hanetti r kara tablonun fazla parçasi olmamaniz ümi di yle
Negatif,aramıza hoş geldin kuyu papağan
Negatif,şuan saç stilimle memlekete gitsem kesin vururlar beni olmadı abim sakat bırakır sonra dükkana götürür keser
Negatif,küçük abd tamam sonuçta i sraili korumak kurulmuş bir üs onu demek istedim
Negatif,yoksa kaçırıldı tehtit mi edildi utanalım kibrini zaten yazıyordum şimdi beceriksiz binali beyi istemiyor istersen öyle düşün i stanbul il teşkilatı uzun zamandır bitik durumda
Pozitif,umut pavyon var orada yedi geçen hafta
Negatif,asıl mesele seçim değil hallolur şüpheleri yok edecek şekilde yeniden yapılır biter mesele ülkenin önünde gerçekten büyük sorunlar var yakın gelecek şeylere gebe
Negatif,telefon aciyoruz ilgilenen sorunu çozen var alibaba mah 5018 sokak toz toprak kirsal köy yolu degil ilgilenecek kimin umurunda olacak sokak baskanim bilginiz olsun birimler bi haber herseyden kac kere beyaz masa yi aradik
Negatif,oyna devam dimi faul bile yokken sarısı
Negatif,böyle bir ihtimal olabilir mi
Pozitif,kafama koyduğumu yaptığıma göre normale dönmüşümdür böyle olmaya devam edecem
Negatif,kopek giren eve melek girmez derler çin astrolojine göre köpek yılında doğanların koruyucu melekleri olmazmış zaten kendilerini bizzat kendileri turlu maddi olmayandan koruyabilecek marifetdeymis bize kötü olarak anlatilanlar kötü değil sadece eksikligimizmiş
Negatif,önce bütün oylari bi r saysadiydiniz sonra geçersi zlere bakardiniz
Negatif,tenekeyi parlatsan çeyrek altın eder mi
Negatif,eski sevgiliyle arkadaş olunmaz söylesen sevgiliyken olaylara bağlıyor
Pozitif,toplam goller üst 2 5 1 62 i takım gol atar evet 1 55 çat çat çatt kazandi
Pozitif,yiğit hocam vak türk telekom sor diyor sorun varsa sor hocam
Negatif,beni m kardeşi m beni m amcaoğlum derken semi h gülüp laf çaktirdin bi ri di yor bi le dedi ği ni me dedi ği ni n farkinda si z bundan semaya deği l damlaya laf sokuyorsunuz bayağ zeki bi ri si si ni z ci dden
Pozitif,keşke çirkin olsaydım zaman şanslı olurdum
Pozitif,abidin handanın koltuğu ilgili şakasını gerçekten beğendim
Negatif,hocaların sadece ders üzerine durduğu dersi geçsin ahlak düsünce hicbiri önemli değil alın size sadece ders örneği
Pozitif,varsa captain marvel izledim aile arasında izledim görümce izliyorum şimdi bida zorla anabell mi izledim gıukugkubjk
Negatif,sıklıkla yaşadığm içsel bir muhakeme birinci iç ses farkındayım allahım haketmediğimiz hal senden istiyoruz mahcubiyet i kinci iç ses tamam sadullah ondan başka isteyecek rab bin ondan öte gidecek kapın var i nanç
Negatif,telekom ruyaniz kabus olacak
Negatif,diyanet i şleri başkanı kuranın girmediği kalp karanlık bir kalptir bir açıklama hristiyan musevi vatandaşların vergisi çalışan bir kurumun başı olarak açıklamanız tam bir gaflet
Negatif,sevgili dostlar duygular kontrol edilir var bir hack
Negatif,bugünkü kanunlar büyük sineklerin delip geçtiği küçüklerinde takılıp kaldığı bir örümcek ağı gibidir
Pozitif,fahiş fiyata yapilmiş olan önceki araç ihalelerinin yerine yapilacak uygun ihaledir diyorum
Pozitif,anneler günüymüş sağlığında kıymetini bilenlere mutlu olsun annem seslenemeyeceklere allahtan sabırlar dilerim emo_neg rahmeti rahmana kavuşmuş başta sevgili annem olmak üzere hepsinin ruhu el fatiha elbet seven gönüller sevdikleriyle haşrolacak elhamdülillah
Negatif,sözün kısası yalı çocuğu kaybettiği maçı hazmedemiyor nasrettin hocanın dediği göl maya tutarmı tutarsa
Pozitif,kuşku yok yaptığım doğru kendini vazgeçilmez sanan insanlardan uzaklaşmak oldu
Negatif,tarihte bugün 13 nisan1994 tarihine radyotelevizyon üst kurulu kuruldu
Negatif,kimse kusura bakmasın bjk taraftarı gomis le dalga geçeni kendi arasında tokatlar bunlar ibneliği meşrulaştırmış
Negatif,i mamoğluna yapılanlarla galatasaraya yapılan oyunların sene aynı olduğunu düşünüyorum unuttukları bişey var allahın adaleti var sene başında yaptıkları bildiriyide tükürdüklerinide unuttular tebrikler
Negatif,beyni yok fikri tebrikler yaşamayı nasil başarabilmiş hayret doğrusu
Negatif,kurum arşivi geleneği hemen yok memlekette dahası arşivlemekten korkuyor bile kurumlar
Negatif,bundan sonra caner e bok atmanın bi anlamı yok adriano kafasında bitirmiş beşiktaş ı
Negatif,garantı yukseliş onayı bırde işc yukseliş onayı gelir
Negatif,öğleden önce olduysa teyze fena zarar etmiştir kuyumcu mükemmel kar elde etmiştir
Negatif,uzak düşmüşüm kendimden aklım fikrimden
Negatif,güzel kız bile kısa olduğuna yakınır yakışıklı erkek sıkayım söylenir zeki fiziğini beğenmez imam inancını sorgular asker cesaretinden süphe eder cehennem varsa böyle olmalı sürekli eksikliklerimizle yüzleştiğimiz bir sonsuzluktur
Negatif,bende bunu düşünüyorum hayvan ufak bile olsa denetimden geçmiştir hadi geçmedi satan alan mi farketmedi değişik geliyor bana durum kafama yatmıyor açıkçası kene olayının birden çıkması birden hastalıklar türemeye başladı
Negatif,i sminin yanına kullanıcı adını yaz yarın sınavda bence ahsjjdkf
Negatif,buna 2 sene önce gulmemis miydiniz
Negatif,ay şarzla alakalı bi tweet gördüm lan şarzım 8 bok yicem
Negatif,asla insanlara yaralarýný gösterme cunku sana vurmak istediklerinde ilk yer orasý oluyor
Pozitif,bir guzellik bir sexsilik
Pozitif,yürü bee yoldaş işte parti kur oy verelim
Pozitif,dün akşam içim ezile ezile çinko çocukları okumaya başladım bugün yazdığım çocuk kitabı öyle güzel örtüştü bir anda iki kitaplık bir tanıtım yazısına dönüştü cuma günü kirkte çıkıyor yazı umarım beğenirsiniz
Negatif,bana geçen gün tutkal sordular eczane tutkal alaka soramadım
Negatif,ben onu unuttum klibini hatırlıyom oluyo
Negatif,ilerde değil yakın zaman evleneceğim eşimin bi şeyini istemiyorum ev araba fasa fiso zengin olsun yeter
Negatif,altındaki var istersen ordan net anlarsın karakterimi
Negatif,herşeye rağmen sezonun ilk maçları tehlikelidir hele bir alt ligden yeni çıkmış takim deplasmanindaysaniz hata kabul etmez birden fazla yaptık rakibi hafife aldik yanlış kadro yanlış değişiklikler hatalara devam ettik önemli olan ders cikarilsin
